------------------------------insertion des categories--------------------------------


INSERT INTO categories(id, nom) VALUES
(1, 'Produits laitiers'),
(2, 'Boulangerie'),
(3, 'Fromages'),
(4, 'Cereales et pates'),
(5, 'Huiles'),
(6, 'Boissons'),
(7, 'The et cafe'),
(8, 'Fruits et legumes'),
(9, 'Viande et oeufs'),
(10, 'Hygiene'),
(11, 'Produits menagers'),
(12, 'Confiserie');


-------------------------------insertion des produits-----------------------------------

INSERT INTO produits VALUES
(1, 'Lait entier 1L', 'Lait entier en bouteille de 1 litre', 5000.0, 100, '2025-12-31', 1, 1),
(2, 'Pain de mie', 'Pain de mie tranche, 500g', 2500.0, 80, '2025-08-01', 2, 2),
(3, 'Beurre doux', 'Beurre doux 250g', 2000.0, 50, '2025-11-15', 3, 1),
(4, 'Fromage rape', 'Melange de fromages rapes 200g', 3500.0, 40, '2025-10-01', 3, 1),
(5, 'Riz blanc 1kg', 'Riz blanc de qualite superieure', 3800.0, 120, '2026-01-01', 4, 3),
(6, 'Spaghetti 500g', 'Pates de ble dur', 3200.0, 150, '2026-05-01', 4, 3),
(7, 'Huile vegetale 1L', 'Huile de tournesol', 4000.0, 70, '2026-06-01', 5, 4),
(8, 'Jus d''orange 1L', 'Jus d''orange sans sucre ajoute', 2.5, 60, '2025-12-01', 6, 5),
(9, 'Biscottes', 'Biscottes croustillantes', 6000.0, 90, '2026-02-01', 2, 2),
(10, 'The vert 25 sachets', 'The vert bio', 1000.0, 55, '2026-03-01', 7, 6),
(11, 'Yaourt nature', 'Yaourt nature 125g x4', 4800.0, 30, '2025-07-30', 3, 1),
(12, 'Pommes rouges 1kg', 'Pommes rouges fraiches', 5000.0, 70, '2025-07-20', 8, 7),
(13, 'Tomates fraiches 1kg', 'Tomates de saison', 6500.0, 65, '2025-07-18', 8, 7),
(14, 'Poulet entier 1.5kg', 'Poulet frais emballe', 15200.0, 25, '2025-07-21', 9, 8),
(15, 'Oeufs x12', 'Boite de 12 oeufs frais', 10000.0, 45, '2025-08-05', 9, 9),
(16, 'Savon liquide 500ml', 'Savon doux pour les mains', 10500.0, 40, '2027-01-01', 10, 10),
(17, 'Dentifrice 75ml', 'Dentifrice anti-caries', 4200.0, 50, '2026-12-01', 10, 10),
(18, 'Lessive liquide 2L', 'Lessive pour lavage en machine', 7200.0, 30, '2027-05-01', 11, 11),
(19, 'Bouteille d''eau 1.5L', 'Eau minerale naturelle', 3200.0, 200, '2026-08-01', 6, 5),
(20, 'Chocolat noir 100g', 'Chocolat noir 70% cacao', 5600.0, 60, '2026-04-01', 12, 2);


--------------------------------insertion des fournisseurs----------------------------------------


INSERT INTO fournisseurs(id, nom_fournisseur, contact, adresse, email) VALUES
(1, 'Laiterie Centrale', '0321234567', 'Zone Industrielle, Antananarivo', 'contact@laiterie.mg'),
(2, 'Boulangerie Soleil', '0322234567', 'Rue Pasteur, Antananarivo', 'info@boulangeriesoleil.mg'),
(3, 'Rizerie Malgache', '0323234567', 'Route Nationale 7, Antsirabe', 'service@rizeriemg.mg'),
(4, 'Huiles Tropiques', '0324234567', 'Port Est, Toamasina', 'contact@huilestropiques.mg'),
(5, 'Boissons Rafraichissantes', '0325234567', 'Zone Franche, Tamatave', 'ventes@boissonsra.mg'),
(6, 'The Vert Nature', '0326234567', 'Haute Ville, Fianarantsoa', 'contact@thevertnature.mg'),
(7, 'Fruits Frais MG', '0327234567', 'Ambanja, Diana', 'fournisseur@fruitsmg.mg'),
(8, 'Volaille Express', '0328234567', 'PK9, RN4, Mahajanga', 'infos@volailleexp.mg'),
(9, 'Ferme des Collines', '0329234567', 'Betafo, Vakinankaratra', 'contact@fermedescollines.mg'),
(10, 'SaniPlus', '0331234567', 'Andraharo, Antananarivo', 'support@saniplus.mg'),
(11, 'CleanPro MG', '0332234567', 'Tanjombato, Antananarivo', 'contact@cleanpromg.mg');


------------------------------------insertion des clients --------------------------------------------------


INSERT INTO clients(id ,payement, nom, contact, email, adresse) VALUES
(1, 'carte_bancaire', 'Rakoto Jean', '0321111111', 'rakoto.jean@mail.mg', 'Lot 123 ABC, Antananarivo'),
(2, 'carte_bancaire', 'Ranaivo Marie', '0322222222', 'ranaivo.marie@mail.mg', 'Rue de l''Independance, Tana'),
(3, 'mobile_money', 'Andrianina Hery', '0343333333', 'hery.andrianina@mail.mg', 'Ambatonakanga, Antananarivo'),
(4, 'carte_bancaire', 'Raharinirina Lova', '0334444444', 'lova.rahari@mail.mg', 'Ankazomanga, Tana'),
(5, 'carte_bancaire', 'Ravelomanana Tiana', '0325555555', 'tiana.ravelomanana@mail.mg', 'Isoraka, Antananarivo'),
(6, 'mobile_money', 'Andriamampianina Fara', '0346666666', 'fara.andriamamp@mail.mg', 'Ivandry, Tana'),
(7, 'carte_bancaire', 'Rakotomanga Joel', '0337777777', 'joel.rakotomanga@mail.mg', 'Anosy, Antananarivo'),
(8, 'carte_bancaire', 'Randrianasolo Sarobidy', '0328888888', 'sarobidy.randri@mail.mg', 'Ambohijatovo, Tana'),
(9, 'mobile_money', 'Ratsimba Elodie', '0349999999', 'elodie.ratsimba@mail.mg', 'Antsahabe, Tana'),
(10, 'carte_bancaire', 'Raharison Nicolas', '0330000000', 'nicolas.raharison@mail.mg', 'Andavamamba, Antananarivo'),
(11, 'carte_bancaire', 'Randriamahazo', '0321010001', 'client1@mail.mg', 'Analakely, Tana'),
(12, 'mobile_money', 'Ratsifandriaka', '0321010002', 'client2@mail.mg', 'Ampasapito, Tana'),
(13, 'carte_bancaire', 'Rakotomanana', '0321010003', 'client3@mail.mg', 'Isotry, Tana'),
(14, 'mobile_money', 'Andrianantenaina', '0321010004', 'client4@mail.mg', 'Ambanidia, Tana'),
(15, 'carte_bancaire', 'Ramaroson', '0321010005', 'client5@mail.mg', 'Ankazomanga, Tana'),
(16, 'carte_bancaire', 'Razafimahatratra', '0321010006', 'client6@mail.mg', 'Andavamamba, Tana'),
(17, 'mobile_money', 'Rakotomavo', '0321010007', 'client7@mail.mg', 'Ambatoroka, Tana'),
(18, 'carte_bancaire', 'Ratsimbazafy', '0321010008', 'client8@mail.mg', 'Ankerana, Tana'),
(19, 'carte_bancaire', 'Andriamanisa', '0321010009', 'client9@mail.mg', 'Ivandry, Tana'),
(20, 'carte_bancaire', 'Ravonison', '0321010010', 'client10@mail.mg', 'Ambatobe, Tana'),
(21, 'mobile_money', 'Raharivelo', '0321010011', 'client11@mail.mg', 'Ankorondrano, Tana'),
(22, 'carte_bancaire', 'Ratsimbaharison', '0321010012', 'client12@mail.mg', 'Analamahitsy, Tana'),
(23, 'carte_bancaire', 'Rakotozafy', '0321010013', 'client13@mail.mg', 'Anosy, Tana'),
(24, 'mobile_money', 'Andriambololona', '0321010014', 'client14@mail.mg', 'Ankadifotsy, Tana'),
(25, 'carte_bancaire', 'Rasolonjatovo', '0321010015', 'client15@mail.mg', 'Anjanahary, Tana'),
(26, 'carte_bancaire', 'Raveloarison', '0321010016', 'client16@mail.mg', 'Ambohipo, Tana'),
(27, 'mobile_money', 'Rakotomaharo', '0321010017', 'client17@mail.mg', 'Ankadimbahoaka, Tana'),
(28, 'carte_bancaire', 'Ramananarivo', '0321010018', 'client18@mail.mg', 'Anosibe, Tana'),
(29, 'carte_bancaire', 'Andrianarison', '0321010019', 'client19@mail.mg', 'Ampefiloha, Tana'),
(30, 'mobile_money', 'Rafalimanana', '0321010020', 'client20@mail.mg', 'Antohomadinika, Tana'),
(31, 'carte_bancaire', 'Randrianasolo', '0321010021', 'client21@mail.mg', 'Ambodin''Isotry, Tana'),
(32, 'mobile_money', 'Rakotobe', '0321010022', 'client22@mail.mg', 'Ampandrana, Tana'),
(33, 'carte_bancaire', 'Ravohangy', '0321010023', 'client23@mail.mg', 'Behoririka, Tana'),
(34, 'carte_bancaire', 'Rasolonjatovo', '0321010024', 'client24@mail.mg', 'Ankerana, Tana'),
(35, 'mobile_money', 'Randrianirina', '0321010025', 'client25@mail.mg', 'Besarety, Tana'),
(36, 'carte_bancaire', 'Rafidison', '0321010026', 'client26@mail.mg', 'Ankatso, Tana'),
(37, 'mobile_money', 'Rakotovao', '0321010027', 'client27@mail.mg', 'Anjanahary Sud, Tana'),
(38, 'mobile_money', 'Rasoanaivo', '0321010028', 'client28@mail.mg', 'Manakambahiny, Tana'),
(39, 'carte_bancaire', 'Andriamamonjy', '0321010029', 'client29@mail.mg', 'Ampitatafika'),
(40, 'mobile_money', 'Ravonirina', '0321010030', 'client30@mail.mg', 'Sabotsy Namehana'),
(41, 'mobile_money', 'Randriamanantsoa', '0321010031', 'client31@mail.mg', 'Ambohijanaka'),
(42, 'mobile_money', 'Rakotonindrina', '0321010032', 'client32@mail.mg', 'Anosy Avaratra'),
(43, 'carte_bancaire', 'Ratsimba', '0321010033', 'client33@mail.mg', 'Ambatomaro'),
(44, 'mobile_money', 'Ramarolahy', '0321010034', 'client34@mail.mg', 'Itaosy'),
(45, 'mobile_money', 'Randriamahenina', '0321010035', 'client35@mail.mg', 'Soavimasoandro'),
(46, 'carte_bancaire', 'Ramanambola', '0321010036', 'client36@mail.mg', 'Andoharanofotsy'),
(47, 'mobile_money', 'Andriamanampisoa', '0321010037', 'client37@mail.mg', 'Alasora'),
(48, 'mobile_money', 'Randrianisa', '0321010038', 'client38@mail.mg', 'Ambatolampy Tsimahafotsy'),
(49, 'carte_bancaire', 'Rakotondravao', '0321010039', 'client39@mail.mg', 'Ankadikely Ilafy'),
(50, 'mobile_money', 'Rasolonirina', '0321010040', 'client40@mail.mg', 'Ambohimanambola');


------------------------------ insertion des employés -----------------------------------------


INSERT INTO employe(nom, prenom, poste) VALUES
(1, 'Rabefitia', 'Josiane', 'Gerante'),
(2, 'Rakotovao', 'Alain', 'Chef rayon'),
(3, 'Rabenjamina', 'Florent', 'Chef rayon'),
(4, 'Ravohangy', 'Vanessa', 'Responsable stock'),
(5, 'Rakotobe', 'Lina', 'Responsable stock'),
(6, 'Andrianirina', 'Patrick', 'Caissier'),
(7, 'Rajoelina', 'Christelle', 'Caissiere'),
(8, 'Ratsiraka', 'Mamy', 'Caissier'),
(9, 'Randriamanana', 'Cynthia', 'Caissiere'),
(10, 'Ravonison', 'Sylvie', 'Caissiere'),
(11, 'Rafidison', 'Fabien', 'Caissier');
(12, 'Andrianjafy', 'Tovo', 'Magasinier'),
(13, 'Ravelojaona', 'Sandra', 'Magasinier'),
(14, 'Raharivony', 'Thierry', 'Employe libre-service'),
(15, 'Ramiandrisoa', 'Nadine', 'Employe libre-service'),
(16, 'Razanatsimba', 'Eric', 'Employe libre-service'),
(17, 'Ratsifandrihamanana', 'Laura', 'Employe libre-service'),
(18, 'Razafimahefa', 'James', 'Agent securite'),
(19, 'Andriamalala', 'Michel', 'Agent securite'),
(20, 'Rakotondrazaka', 'Kevin', 'Agent securite'),


---------------------insertion des ventes -----------------------


INSERT INTO ventes(date_vente, total, id_client, id_employe) VALUES
(1, '2025-07-18 10:30:00', 28.75, 21, 3),
(2, '2025-07-18 11:45:00', 15.60, 22, 7),
(3, '2025-07-19 09:20:00', 48.90, 23, 1),
(4, '2025-07-19 14:00:00', 9.80, 24, 5),
(5, '2025-07-20 16:15:00', 21.30, 25, 10),
(6, '2025-07-21 12:50:00', 32.40, 26, 2),
(7, '2025-07-22 13:30:00', 47.60, 27, 15),
(8, '2025-07-22 18:10:00', 13.90, 28, 4),
(9, '2025-07-23 10:00:00', 23.50, 29, 6),
(10, '2025-07-23 16:30:00', 34.10, 30, 9),
(11, '2025-07-24 11:20:00', 19.40, 31, 11),
(12, '2025-07-25 15:00:00', 30.70, 32, 8),
(13, '2025-07-26 08:55:00', 52.00, 33, 14),
(14, '2025-07-27 17:20:00', 28.90, 34, 12),
(15, '2025-07-28 14:10:00', 16.20, 35, 17),
(16, '2025-07-29 10:40:00', 40.50, 36, 13),
(17, '2025-07-30 12:05:00', 25.90, 37, 16),
(18, '2025-07-31 15:45:00', 43.80, 38, 18),
(19, '2025-08-01 09:35:00', 21.10, 39, 19),
(20, '2025-08-02 14:25:00', 38.60, 40, 20),
(21, '2025-08-03 10:15:00', 27.50, 41, 3),
(22, '2025-08-04 11:40:00', 14.70, 42, 7),
(23, '2025-08-05 09:05:00', 49.20, 43, 1),
(24, '2025-08-05 13:55:00', 10.40, 44, 5),
(25, '2025-08-06 16:30:00', 22.60, 45, 10),
(26, '2025-08-07 13:00:00', 33.90, 46, 2),
(27, '2025-08-08 13:45:00', 46.30, 47, 15),
(28, '2025-08-09 17:15:00', 12.80, 48, 4),
(29, '2025-08-10 09:25:00', 24.40, 49, 6),
(30, '2025-08-11 16:55:00', 35.70, 50, 9),
(31, '2025-07-01 10:15:00', 25.50, 1, 3),
(32, '2025-07-01 11:30:00', 13.75, 2, 7),
(33, '2025-07-02 09:45:00', 42.10, 3, 1),
(34, '2025-07-02 14:20:00', 8.99, 4, 5),
(35, '2025-07-03 16:00:00', 19.50, 5, 10),
(36, '2025-07-04 12:10:00', 30.00, 6, 2),
(37, '2025-07-05 13:25:00', 45.80, 7, 15),
(38, '2025-07-06 17:40:00', 12.30, 8, 4),
(39, '2025-07-07 10:05:00', 22.75, 9, 6),
(40, '2025-07-07 15:50:00', 33.60, 10, 9),
(41, '2025-07-08 11:15:00', 18.00, 11, 11),
(42, '2025-07-09 14:45:00', 29.99, 12, 8),
(43, '2025-07-10 09:00:00', 50.20, 13, 14),
(44, '2025-07-11 16:30:00', 27.40, 14, 12),
(45, '2025-07-12 13:55:00', 14.80, 15, 17),
(46, '2025-07-13 10:10:00', 38.90, 16, 13),
(47, '2025-07-14 11:35:00', 24.60, 17, 16),
(48, '2025-07-15 15:20:00', 41.25, 18, 18),
(49, '2025-07-16 09:50:00', 20.00, 19, 19),
(50, '2025-07-17 14:05:00', 36.40, 20, 20);


----------------------------insertion details ventes--------------------------


INSERT INTO details_ventes(quantite, sous_total, id_vente, id_produit) VALUES
(2, 3.6, 1, 1),
(1, 1.5, 1, 2),
(3, 6.0, 2, 3),
(1, 2.8, 2, 4),
(5, 9.5, 3, 5),
(2, 2.2, 3, 6),
(4, 12.0, 4, 7),
(1, 2.5, 4, 8),
(2, 3.4, 5, 9),
(1, 1.6, 5, 11),
(3, 6.9, 6, 12),
(2, 3.6, 6, 13),
(1, 5.5, 7, 14),
(6, 14.4, 7, 15),
(1, 1.9, 8, 16),
(3, 6.0, 8, 17),
(2, 9.0, 9, 18),
(1, 0.7, 9, 19),
(4, 7.2, 10, 20),
(2, 3.6, 10, 3),
(3, 5.4, 11, 1),
(2, 3.0, 11, 2),
(1, 2.0, 12, 4),
(5, 9.5, 12, 5),
(2, 2.2, 13, 6),
(1, 3.0, 13, 7),
(3, 7.5, 14, 8),
(2, 3.4, 14, 9),
(4, 7.2, 15, 10),
(1, 1.8, 15, 11),
(3, 5.4, 16, 12),
(2, 3.6, 16, 13),
(1, 2.8, 17, 14),
(5, 12.0, 17, 15),
(2, 3.8, 18, 16),
(1, 1.5, 18, 17),
(3, 9.0, 19, 18),
(2, 1.4, 19, 19),
(4, 7.2, 20, 20),
(1, 1.8, 20, 1);

-------------------------insertion des achats--------------------

INSERT INTO achats(date_achat, total, id_fournisseur) VALUES
(1, '2025-06-01 09:30:00', 150.75, 1),
(2, '2025-06-03 11:15:00', 220.40, 2),
(3, '2025-06-05 14:45:00', 180.20, 3),
(4, '2025-06-07 10:00:00', 95.60, 4),
(5, '2025-06-09 15:30:00', 300.00, 5),
(6, '2025-06-11 13:10:00', 250.90, 6),
(7, '2025-06-13 09:55:00', 135.50, 7),
(8, '2025-06-15 16:20:00', 410.75, 8),
(9, '2025-06-17 12:40:00', 175.35, 9),
(10, '2025-06-19 14:00:00', 190.80, 10),
(11, '2025-06-21 11:30:00', 215.60, 11),
(12, '2025-06-23 10:45:00', 230.10, 1),
(13, '2025-06-25 15:15:00', 275.25, 2),
(14, '2025-06-27 13:50:00', 160.40, 3),
(15, '2025-06-29 09:05:00', 120.90, 4),
(16, '2025-07-01 16:30:00', 305.00, 5),
(17, '2025-07-03 10:20:00', 260.75, 6),
(18, '2025-07-05 14:10:00', 140.60, 7),
(19, '2025-07-07 12:00:00', 400.85, 8),
(20, '2025-07-09 11:45:00', 185.90, 9);


-------------------------------insertion des details achats-----------------------

INSERT INTO detail_achats(prix_unitaire, id_achat, id_produit) VALUES
(1, , 1.2, 1, 1),
(2, 1.5, 1, 2),
(3, 2.0, 2, 3),
(4, 2.8, 2, 4),
(5, 1.9, 3, 5),
(6, 1.1, 3, 6),
(7, 3.0, 4, 7),
(8, 2.5, 4, 8),
(9, 1.7, 5, 9),
(10, 1.6, 5, 11),
(11, 2.3, 6, 12),
(12, 1.8, 6, 13),
(13, 5.5, 7, 14),
(14, 2.4, 7, 15),
(15, 1.9, 8, 16),
(16, 2.0, 8, 17),
(17, 4.5, 9, 18),
(18, 0.7, 9, 19),
(19, 1.8, 10, 20),
(20, 1.2, 10, 3),
(21, 1.2, 11, 1),
(22, 1.5, 11, 2),
(23, 2.8, 12, 4),
(24, 1.9, 12, 5),
(25, 1.1, 13, 6),
(26, 3.0, 13, 7),
(27, 2.5, 14, 8),
(28, 1.7, 14, 9),
(29, 4.5, 15, 10),
(30, 1.6, 15, 11);

-----------------------insertion des payement-------------------------------

INSERT INTO payement(mode, id_client) VALUES
(1, 'espece'),
(2, 'carte_bancaire', 2),
(3, 'mobile_money', 3),
(4, 'espece')
(5, 'carte_bancaire', 5),
(6, 'mobile_money', 6),
(7, 'espece')
(8, 'carte_bancaire', 8),
(9, 'mobile_money', 9),
(10, 'espece'),
(11, 'carte_bancaire', 11),
(12, 'mobile_money', 12),
(13, 'espece'),
(14, 'carte_bancaire', 14),
(15, 'mobile_money', 15),
(16, 'espece'),
(17, 'carte_bancaire', 17),
(18, 'mobile_money', 18),
(19, 'espece'),
(20, 'carte_bancaire', 20),
(21, 'mobile_money', 21),
(22, 'espece'),
(23, 'carte_bancaire', 23),
(24, 'mobile_money', 24),
(25, 'espece'),
(26, 'carte_bancaire', 26),
(27, 'mobile_money', 27),
(28, 'espece'),
(29, 'carte_bancaire', 29),
(30, 'mobile_money', 30),
(31, 'espece'),
(32, 'carte_bancaire', 32),
(33, 'mobile_money', 33),
(34, 'espece'),
(35, 'carte_bancaire', 35),
(36, 'mobile_money', 36),
(37, 'carte_bancaire', 98),
(38, 'mobile_money', 99),
(39, 'espece');
(40, 'espece'),
(41, 'carte_bancaire', 38),
(42, 'mobile_money', 39),
(43, 'espece'),
(44, 'carte_bancaire', 41),
(45, 'mobile_money', 42),
(46, 'espece'),
(47, 'carte_bancaire', 44),
(48, 'mobile_money', 45),
(49, 'espece'),
(50, 'carte_bancaire', 47),
(51, 'mobile_money', 48),
(52, 'espece'),
(53, 'carte_bancaire', 50),
(54, 'mobile_money', 51),
(55, 'espece'),
(56, 'carte_bancaire', 53),
(57, 'mobile_money', 54),
(58, 'espece'),
(59, 'carte_bancaire', 56),
(60, 'mobile_money', 57),
(61, 'espece'),
(62, 'carte_bancaire', 59),
(63, 'mobile_money', 60),
(64, 'espece'),
(65, 'carte_bancaire', 62),
(66, 'mobile_money', 63),
(67, 'espece'),
(68, 'carte_bancaire', 65),
(69, 'mobile_money', 66),
(70, 'espece'),
(71, 'carte_bancaire', 68),
(72, 'mobile_money', 69),
(73, 'espece'),
(74, 'carte_bancaire', 71),
(75, 'mobile_money', 72),
(76, 'espece'),
(77, 'carte_bancaire', 74),
(78, 'mobile_money', 75),
(79, 'espece'),
(80, 'carte_bancaire', 77),
(81, 'mobile_money', 78),
(82, 'espece'),
(83, 'carte_bancaire', 80),
(84, 'mobile_money', 81),
(85, 'espece'),
(86, 'carte_bancaire', 83),
(87, 'mobile_money', 84),
(88, 'espece'),
(89, 'carte_bancaire', 86),
(90, 'mobile_money', 87),
(91, 'espece'),
(92, 'carte_bancaire', 89),
(97, 'mobile_money', 90),
(94, 'espece'),
(95, 'carte_bancaire', 92),
(96, 'mobile_money', 93),
(97, 'espece'),
(98, 'carte_bancaire', 95),
(99, 'mobile_money', 96),
(100, 'espece'),


